{
  "C_D_0": 0.01970001181915082,
  "C_D_alpha1": 0.07909146315766297,
  "C_D_alpha2": 1.0554699867680841,
  "C_D_beta1": -0.005842980345415388,
  "C_D_beta2": 0.14781193079241584,
  "C_D_delta_e": 0.06334739678180232,
  "C_D_p": 0.0102,
  "C_D_q": 0.0,
  "C_L_0": 0.08673556671610734,
  "C_L_alpha": 4.020328244000679,
  "C_L_delta_e": 0.2780736201734713,
  "C_L_q": 3.87,
  "C_Y_0": 0.0,
  "C_Y_beta": -0.22387215700254048,
  "C_Y_delta_a": 0.043276402502774876,
  "C_Y_delta_r": 0.0,
  "C_Y_p": -0.13735505263157893,
  "C_Y_r": 0.08386876842105263,
  "C_l_0": 0.0,
  "C_l_beta": -0.08489628639662417,
  "C_l_delta_a": 0.12018814125782745,
  "C_l_delta_r": 0.0,
  "C_l_p": -0.40419799999999995,
  "C_l_r": 0.055520599999999996,
  "C_m_0": 0.018,
  "C_m_alpha": -0.2524,
  "C_m_delta_e": -0.2292,
  "C_m_fp": -0.2168,
  "C_m_q": -1.3012370370370372,
  "C_n_0": 0.0,
  "C_n_beta": 0.0283,
  "C_n_delta_a": -0.00339,
  "C_n_delta_r": 0.0,
  "C_n_p": 0.004365511578947368,
  "C_n_r": -0.07200000000000001,
  "C_prop": 0.248,
  "Jx": 1.229,
  "Jxz": 0.9343,
  "Jy": 0.1702,
  "Jz": 0.8808,
  "M": 50.0,
  "S_prop": 0.10178760197630929,
  "S_wing": 0.75,
  "a_0": 0.267,
  "b": 2.1,
  "c": 0.35714285714285715,
  "e": 0.9935,
  "k_Omega": 797.1268,
  "k_T_P": 1.1871e-06,
  "k_motor": 37.42,
  "mass": 3.364,
  "r_cg": [
    0,
    0,
    0
  ]
}